Time (s),Volume (m^3),H(5),O(6),OH(7),H2(8),Ar(9),He(10),HO2(11),H2O2(12),CO(13),CO2(14),HCO(15),C(T)(16),CH(17),CH2(T)(18),CH3(19),CH2O(20),HCCO(21),C2H(22),C2H2(23),H2CC(24),CH2(S)(25),CH3OH(26),CH3O(27),CH2CO(28),C2H3(29),C2H4(30),C2H6(31),C2H5(32),CH2OH(33),CH3CO(34),CH2CHO(35),CH3CHO(36),N2,Ne,C2H3F3(1),O2(2),H2O(3),CH4(4),HF(38)
0.0,0.55710514280406,0.0,0.0,0.0,0.0,0.0,0.0,0.0,0.0,0.0,0.0,0.0,0.0,0.0,0.0,0.0,0.0,0.0,0.0,0.0,0.0,0.0,0.0,0.0,0.0,0.0,0.0,0.0,0.0,0.0,0.0,0.0,0.0,3.76,0.0,0.5000008484831628,1.0,0.0,0.0,0.0
