Time (s),Volume (m^3),N2,Ne,CH4(1),O2(2),H2O(3),C(4),CH(5),CH3(18),HO2(12),CH3O2(36),OH(8)
0.0,0.7164995615788403,3.76,0.0,0.6345717940425828,1.0,0.0,0.0,0.0,0.0,0.0,0.0,0.0
