Time (s),Volume (m^3),N2,Ne,C2H6(1),O2(2),H2O(3),C(4),CH(5),CH3(18),C2H5(31),CH4(30),H(6),C2H4(29)
0.0,0.12708014322434733,3.76,0.0,0.6086734458956055,1.0,0.0,0.0,0.0,0.0,0.0,0.0,0.0,0.0
