Time (s),Volume (m^3),N2,Ne,C2H6(1),O2(2),H2O(3),C(4),CH(5),CH3(18)
0.0,0.237435631340789,3.76,0.0,0.925122486131043,1.0,0.0,0.0,0.0,0.0
