/work/westgroup/nora/Code/projects/halogens/refrigerants/blends/Papas_Zhang_blends/rmg_built_blends_with_species_in_core/2,3,3,3-tetrafluoropropene_difluoromethane/chemkin/copies/copy_chem0217.cti
0.0,0.041666666666666664,0.08333333333333333,0.125,0.16666666666666666,0.20833333333333331,0.25,0.29166666666666663,0.3333333333333333,0.375,0.41666666666666663,0.4583333333333333,0.5,0.5416666666666666,0.5833333333333333,0.625,0.6666666666666666,0.7083333333333333,0.75,0.7916666666666666,0.8333333333333333,0.875,0.9166666666666666,0.9583333333333333,1.0
0.07204838675540937,0.07069331186564379,0.06991417545838591,0.06916748152258469,0.06883383770055941,0.06840700318386944,0.06791222639825308,0.06738071500567878,0.06683249451559543,0.0663814573553184,0.06583868391060635,0.0653836998734673,0.06482993051488993,0.06427115808549708,0.06371008917548854,0.06332641139278726,0.06279347041123105,0.062430515986822505,0.06194569006998826,0.061391215978925585,0.06093334522310066,0.060475221951239805,0.06008672362684426,0.05974457049921702,0.059453293960930825
